<?xml version="1.0" encoding="UTF-8"?>
<project-private xmlns="http://www.netbeans.org/ns/project-private/1">
    <editor-bookmarks xmlns="http://www.netbeans.org/ns/editor-bookmarks/2" lastBookmarkId="0"/>
    <open-files xmlns="http://www.netbeans.org/ns/projectui-open-files/2">
        <group>
            <file>file:/D:/Raven/youtube/ui%20design/ui-dashboard%20005/public%20project/school-dashboard/src/com/raven/form/Form_Home.java</file>
            <file>file:/D:/Raven/youtube/ui%20design/ui-dashboard%20005/public%20project/school-dashboard/src/com/raven/dialog/Message.java</file>
        </group>
    </open-files>
</project-private>
