<?xml version="1.0" encoding="UTF-8"?>
<project-private xmlns="http://www.netbeans.org/ns/project-private/1">
    <editor-bookmarks xmlns="http://www.netbeans.org/ns/editor-bookmarks/2" lastBookmarkId="0"/>
    <open-files xmlns="http://www.netbeans.org/ns/projectui-open-files/2">
        <group>
            <file>file:/C:/Users/RavenPC/Desktop/Menus/src/menu/MenuItem.java</file>
            <file>file:/C:/Users/RavenPC/Desktop/Menus/src/form/Panel1.java</file>
            <file>file:/C:/Users/RavenPC/Desktop/Menus/src/Main/Main.java</file>
        </group>
    </open-files>
</project-private>
